COMPOUND,QC(I)1,QC(I)2,QC(I)3,QC(I)4,QC(I)5,QC(I)6,QC(I)7,QC(I)8,QC(I)9,QC(S)1,QC(S)2,QC(S)3,QC(S)4,QC(S)5,QC(S)6,QC(S)7,QC(S)8,QC(S)9
Trimethylamine (TMA),N/A,N/A,N/A,N/A,N/A,N/A,N/A,N/A,N/A,N/A,N/A,N/A,N/A,N/A,N/A,N/A,N/A,N/A
Ethanolamine,127793,129197,132968,125222,106213,119376,113820,119375,106895,70751,70010,71170,75113,68865,65037,67361,64107,63165
Aminoacetone,N/A,N/A,N/A,N/A,N/A,N/A,N/A,N/A,N/A,N/A,N/A,N/A,N/A,N/A,N/A,N/A,N/A,N/A
1-Methylguanidine,N/A,N/A,N/A,N/A,N/A,N/A,N/A,N/A,N/A,N/A,N/A,N/A,N/A,N/A,N/A,N/A,N/A,N/A
Glycine,565763,561265,558837,541834,565298,532164,529323,520588,564315,298080,307891,319945,327422,304886,302190,297208,297953,307368
Trimethylamine-N-Oxide (TMAO),981199,987834,984418,1005395,964588,959778,889344,930816,894587,535998,560204,533537,551046,527140,505449,527875,512745,515803
Putrescine,N/A,N/A,N/A,N/A,N/A,N/A,N/A,N/A,N/A,N/A,N/A,N/A,N/A,N/A,N/A,N/A,N/A,N/A
betaAlanine,93014,101195,107628,94260,105967,81978,102368,92756,90782,N/A,N/A,N/A,N/A,N/A,N/A,N/A,N/A,N/A
Alanine,7420245,7333742,7450835,7120807,7098329,7083078,6816672,6830958,6844511,6534486,6679173,6563310,6560392,6093386,6129652,6118575,6138818,6162920
Sarcosine,32098,29386,33942,30808,31785,28209,28392,29034,32259,61050,60273,63894,56312,62390,63710,62208,56135,61822
Betaine Aldehyde,N/A,N/A,N/A,N/A,N/A,N/A,N/A,N/A,N/A,N/A,N/A,N/A,N/A,N/A,N/A,N/A,N/A,N/A
Cadaverine,151648,143481,144833,143991,143936,149134,140398,149214,135603,141083,134901,126580,141930,138165,122737,124808,122019,140961
3-Aminoisobutyrate,39391,39224,40574,38738,35299,39042,38154,35388,34449,N/A,N/A,N/A,N/A,N/A,N/A,N/A,N/A,N/A
Choline,48000410,47897352,46908140,45162530,43611208,43949745,43425762,43003535,43100441,11121708,11124372,10691084,10663664,10197827,10139946,9973718,10290643,9796274
Dimethylglycine,188593,189018,180030,177929,174262,167450,182626,185719,188020,238771,236405,246521,220663,248173,231455,238523,225398,217451
L-2-Aminobutyric Acid,N/A,N/A,N/A,N/A,N/A,N/A,N/A,N/A,N/A,N/A,N/A,N/A,N/A,N/A,N/A,N/A,N/A,N/A
2-Aminoisobutyric Acid,N/A,N/A,N/A,N/A,N/A,N/A,N/A,N/A,N/A,N/A,N/A,N/A,N/A,N/A,N/A,N/A,N/A,N/A
Serine,8615492,8565666,8265765,8176783,8085166,8139018,8206623,7713970,7756719,4345559,4121014,4301760,4248695,4172266,4093781,3825882,3957043,3872206
Hypotaurine,76720,103867,83980,93635,81453,83068,75125,77921,81505,8862,9042,7901,7715,9808,9404,8687,7877,7522
Cytosine,N/A,N/A,N/A,N/A,N/A,N/A,N/A,N/A,N/A,N/A,N/A,N/A,N/A,N/A,N/A,N/A,N/A,N/A
Histamine,N/A,N/A,N/A,N/A,N/A,N/A,N/A,N/A,N/A,N/A,N/A,N/A,N/A,N/A,N/A,N/A,N/A,N/A
Creatinine,11951349,11883781,11611645,11501400,11111510,10894386,10832617,10673102,10608001,16854995,16751051,16656872,16661770,15927510,15924123,15918903,15689180,15704890
"5,6-Dihydrouracil",1187495,1237708,1167245,1153087,1128812,1109310,1089568,1133207,1143538,283299,264582,281615,267919,226936,244459,263525,242348,272704
Proline,9041850,8746429,8679439,8639836,7788161,8121055,8026810,8323229,7980748,5351395,5245735,5092473,5034967,4895018,4977069,4676016,4656261,4559161
5-Aminovaleric Acid,129222,120711,112354,114024,106735,122232,128068,123127,104492,283993,287688,280622,289276,252068,246982,275149,247054,279685
Betaine,88851808,90015051,83095093,85625153,83277875,81151229,80816516,82318192,83357693,175758033,178139159,163319046,169793366,165254533,161952168,160645447,160972527,162026158
Valine,5634244,5353483,5351676,5224789,5130870,5191361,4591593,4944611,4903851,2704253,2633110,2621151,2435730,2504404,2362578,2349376,2347222,2353756
Indole,N/A,N/A,N/A,N/A,N/A,N/A,N/A,N/A,N/A,N/A,N/A,N/A,N/A,N/A,N/A,N/A,N/A,N/A
Threonine,8214930,8009726,8089131,7836565,7693000,7660787,7615849,7301663,7199488,12124906,12230307,12178520,12004485,11231904,11327913,10957352,10540614,11073082
Cysteine,N/A,N/A,N/A,N/A,N/A,N/A,N/A,N/A,N/A,N/A,N/A,N/A,N/A,N/A,N/A,N/A,N/A,N/A
Niacinamide,129325,124152,131339,128131,132717,132564,118739,124193,113347,251120,257353,245684,243677,246347,258787,233351,245346,250750
Taurine,3131499,3275166,3145499,3208705,3083540,3100222,3070388,2878683,3007940,1164874,1172960,1200850,1218460,1191228,1108910,1167938,1138611,1106869
1-Methylhistamine,N/A,N/A,N/A,N/A,N/A,N/A,N/A,N/A,N/A,N/A,N/A,N/A,N/A,N/A,N/A,N/A,N/A,N/A
Imidazoleacetic Acid,N/A,N/A,N/A,N/A,N/A,N/A,N/A,N/A,N/A,N/A,N/A,N/A,N/A,N/A,N/A,N/A,N/A,N/A
"5,6-Dihydrothymine",N/A,N/A,N/A,N/A,N/A,N/A,N/A,N/A,N/A,N/A,N/A,N/A,N/A,N/A,N/A,N/A,N/A,N/A
Pyroglutamic Acid,3400320,3130443,3484711,3648047,3649456,3605458,3724473,3770532,3734418,441790,484027,505334,504775,536667,513103,508644,508417,524067
Pipecolate,785232,799913,762921,765488,679174,771861,668261,642179,713759,N/A,N/A,N/A,N/A,N/A,N/A,N/A,N/A,N/A
Agmatine,70680,72738,73135,62490,67437,64450,62373,52532,63691,97227,83508,97038,91824,89863,81204,78212,83940,87676
N-Acetylputrescine,N/A,N/A,N/A,N/A,N/A,N/A,N/A,N/A,N/A,N/A,N/A,N/A,N/A,N/A,N/A,N/A,N/A,N/A
Creatine,16418337,16752682,16391919,16113701,15762963,15547246,15059520,15394025,15386626,6370513,6305450,6309763,6038161,6069590,6078907,5801051,6052415,5780699
Hydroxyproline,2109878,2111982,2074076,2086705,2019486,1988711,1854397,1856392,1921028,1943553,1982021,1936291,1901032,1917797,1932850,1760928,1895270,1743115
Aminolevulinate,455883,477098,456212,448210,429560,428310,485357,475432,436005,218474,213055,183886,219879,202513,209665,190391,197853,182363
Leucine /D-Norleucine,20786059,19793507,19691103,19630885,18209053,18184257,18179599,17874230,18765671,12169228,11506856,11829862,11708710,11119982,11161841,10331156,10434243,10866242
iso-Leucine /allo-isoLeucine,5099101,5220479,4866614,4905313,4636961,4532349,4301201,4639406,4544304,2977153,2896688,2834087,2824850,2671743,2815966,2731953,2752840,2888552
Ornithine,11545439,11134419,10924725,10324753,10198014,10291180,10164246,10434389,10143125,1765517,1782774,1699065,1674535,1614166,1640373,1640870,1647318,1540280
Asparagine,1802634,1732941,1677298,1729075,1631548,1650554,1572750,1512466,1639674,1551076,1482344,1422893,1489726,1380003,1431814,1393194,1343059,1370093
Aspartic Acid,2800701,2554821,2755630,2758917,2609331,2432074,2295993,2344494,2305480,669607,554011,629696,696637,673715,592257,548739,543157,603545
Homocysteine,N/A,N/A,N/A,N/A,N/A,N/A,N/A,N/A,N/A,N/A,N/A,N/A,N/A,N/A,N/A,N/A,N/A,N/A
S-Methylcysteine,247965,244914,250232,248820,292975,254426,265182,298644,281734,166439,185035,188140,192798,198168,181080,176874,182627,171337
1-Methylnicotinamide,N/A,N/A,N/A,N/A,N/A,N/A,N/A,N/A,N/A,4237888,3825077,4395130,4271936,4274159,4420139,3488910,3399582,3707485
Tyramine,N/A,N/A,N/A,N/A,N/A,N/A,N/A,N/A,N/A,N/A,N/A,N/A,N/A,N/A,N/A,N/A,N/A,N/A
4-Aminobenzoic Acid,N/A,N/A,N/A,N/A,N/A,N/A,N/A,N/A,N/A,N/A,N/A,N/A,N/A,N/A,N/A,N/A,N/A,N/A
Trigonelline,4885959,4917871,4747956,4902751,4472536,4662571,4423716,4555800,4429871,1665179,1672685,1641707,1618826,1587002,1583993,1556717,1548477,1587589
1-Methylimidazole Acetate,N/A,N/A,N/A,N/A,N/A,N/A,N/A,N/A,N/A,N/A,N/A,N/A,N/A,N/A,N/A,N/A,N/A,N/A
Imidazole Propionate,N/A,N/A,N/A,N/A,N/A,N/A,N/A,N/A,N/A,154010,138225,143947,153434,128120,150310,130341,154649,142991
Spermidine,N/A,N/A,N/A,N/A,N/A,N/A,N/A,N/A,N/A,N/A,N/A,N/A,N/A,N/A,N/A,N/A,N/A,N/A
4-Guanidinobutanoate,14281342,13484024,12822449,12600465,12723572,12636833,12074755,12119587,11644631,11457951,11739860,11557817,11333540,11048151,10833065,10127261,10187888,10098852
Acetylcholine,N/A,N/A,N/A,N/A,N/A,N/A,N/A,N/A,N/A,N/A,N/A,N/A,N/A,N/A,N/A,N/A,N/A,N/A
Glutamine,39908892,38743309,39340971,38560484,38887946,37003159,36827653,36803890,36164782,103930811,109317414,106503894,96605473,100320619,100659028,98011431,98660882,97184696
Lysine,34496275,34470964,33627654,33569528,33376592,30259348,30658121,32323667,31319002,19117720,18868473,18297763,18098047,17082840,17600844,17123537,17748901,16447756
Deoxycarnitine,493554,511022,488018,471589,434959,449404,448560,388535,432294,406053,336072,389289,332387,370502,328770,308768,343415,356223
Glutamic acid,37042396,36943676,35289726,36192870,34004676,34035677,33630802,33558305,33798347,3909824,3795083,3766428,3739220,3740221,3638692,3647676,3433743,3437477
Methionine,852285,811480,848925,790538,778967,813955,757922,774094,768304,2219089,2258291,2259101,2125326,2117209,2098767,1983851,1961030,1986681
Guanine,N/A,N/A,N/A,N/A,N/A,N/A,N/A,N/A,N/A,N/A,N/A,N/A,N/A,N/A,N/A,N/A,N/A,N/A
Cystamine,N/A,N/A,N/A,N/A,N/A,N/A,N/A,N/A,N/A,N/A,N/A,N/A,N/A,N/A,N/A,N/A,N/A,N/A
Histidine,43560509,42758411,41905801,42000106,39955659,40575770,39986506,40104047,38677041,42231853,41163069,40539013,39244670,37743448,38113359,37227968,37194188,36942836
Serotonin,N/A,N/A,N/A,N/A,N/A,N/A,N/A,N/A,N/A,N/A,N/A,N/A,N/A,N/A,N/A,N/A,N/A,N/A
Tryptamine,N/A,N/A,N/A,N/A,N/A,N/A,N/A,N/A,N/A,N/A,N/A,N/A,N/A,N/A,N/A,N/A,N/A,N/A
Carnitine,47477995,46267003,44423179,47441916,44321608,44103240,42274428,39005037,41771625,36242543,35733627,35383256,35311028,32806692,34206688,30785319,31678721,31146380
Phenylalanine,39815659,39403980,37706085,38342545,35453041,35993862,34739495,34516014,34649856,24284387,23864958,24209356,23289059,22910795,22517121,22300042,22437370,21646614
Methionine Sulfoxide,1023645,988659,1003827,987434,896209,984859,902318,925703,921798,483972,485854,428330,450181,408336,438972,464847,431007,409860
7-Methylguanine,152997,154350,139424,140026,148295,140588,140935,132069,145242,417846,422275,444566,413880,402882,397290,388231,383726,381439
Normetanephrine,N/A,N/A,N/A,N/A,N/A,N/A,N/A,N/A,N/A,N/A,N/A,N/A,N/A,N/A,N/A,N/A,N/A,N/A
Taurocyamine,N/A,N/A,N/A,N/A,N/A,N/A,N/A,N/A,N/A,N/A,N/A,N/A,N/A,N/A,N/A,N/A,N/A,N/A
Pyridoxamine,N/A,N/A,N/A,N/A,N/A,N/A,N/A,N/A,N/A,N/A,N/A,N/A,N/A,N/A,N/A,N/A,N/A,N/A
1/3-Methylhistidine,4775569,4604322,4567981,4425407,4270857,4404112,4446491,4458500,4295703,2824193,2810342,2805500,2573290,2540621,2654345,2565915,2434802,2484088
Norepinephrine,N/A,N/A,N/A,N/A,N/A,N/A,N/A,N/A,N/A,N/A,N/A,N/A,N/A,N/A,N/A,N/A,N/A,N/A
n-Glycylproline,N/A,N/A,N/A,N/A,N/A,N/A,N/A,N/A,N/A,N/A,N/A,N/A,N/A,N/A,N/A,N/A,N/A,N/A
Arginine,57140144,55683628,52054668,53235405,52868211,51624337,50582268,51293544,49190842,72249790,71849332,69047088,66935870,66652519,66241509,65928804,66870084,62967855
N-Acetylornithine,N/A,N/A,N/A,N/A,N/A,N/A,N/A,N/A,N/A,N/A,N/A,N/A,N/A,N/A,N/A,N/A,N/A,N/A
Cotinine,233723,228654,230632,227645,211696,209204,208831,215208,198190,N/A,N/A,N/A,N/A,N/A,N/A,N/A,N/A,N/A
Cysteinyl-Glycine (Cys-Gly),N/A,N/A,N/A,N/A,N/A,N/A,N/A,N/A,N/A,N/A,N/A,N/A,N/A,N/A,N/A,N/A,N/A,N/A
Gluconolactone,15085,14956,14606,16855,15125,16449,15932,15258,16069,9613,15882,15935,15975,14806,14983,16058,14731,18302
Glucosamine,N/A,N/A,N/A,N/A,N/A,N/A,N/A,N/A,N/A,N/A,N/A,N/A,N/A,N/A,N/A,N/A,N/A,N/A
Theobromine,134951,135108,107749,132228,128578,117728,117953,116206,118404,N/A,N/A,N/A,N/A,N/A,N/A,N/A,N/A,N/A
"1,7-Dimethylxanthine",1495422,1472899,1510542,1469245,1391883,1413099,1401792,1356076,1385535,N/A,N/A,N/A,N/A,N/A,N/A,N/A,N/A,N/A
Tyrosine,1720620,1777900,1829839,1754248,1834240,1762598,1751359,1886165,1839254,1221134,1224499,1172206,1190147,1275510,1243584,1233079,1236089,1270169
Epinephrine,N/A,N/A,N/A,N/A,N/A,N/A,N/A,N/A,N/A,N/A,N/A,N/A,N/A,N/A,N/A,N/A,N/A,N/A
Se-Methylselenocysteine,N/A,N/A,N/A,N/A,N/A,N/A,N/A,N/A,N/A,N/A,N/A,N/A,N/A,N/A,N/A,N/A,N/A,N/A
Phosphorylcholine,N/A,N/A,N/A,N/A,N/A,N/A,N/A,N/A,N/A,N/A,N/A,N/A,N/A,N/A,N/A,N/A,N/A,N/A
N6-Acetyl-Lysine,160055,162296,159093,178912,128151,158805,137789,153821,144383,245787,245919,230481,207606,214431,178260,209082,236034,175688
Homoarginine,947573,891389,935867,974143,779583,788827,846236,859849,726877,1014303,1051655,1007471,882180,1012350,902245,928076,983321,1097124
N6-Trimethyllysine,3480833,3622630,3391108,3550522,3076540,3346539,3132571,3309670,2932896,9777114,9555362,9012413,8375807,8652265,9068032,8672542,8944894,8567585
Homocitrulline,159417,154859,197258,193889,161097,145049,165512,158960,147705,563825,613223,627225,567641,573817,591182,553622,550943,571453
Caffeine,3539843,3497141,3383932,3333531,3246370,3246153,3217327,3191463,3098953,N/A,N/A,N/A,N/A,N/A,N/A,N/A,N/A,N/A
Salicylurate,105178,109252,101099,95065,104287,97694,98198,94725,93638,N/A,N/A,N/A,N/A,N/A,N/A,N/A,N/A,N/A
DL DOPA,N/A,N/A,N/A,N/A,N/A,N/A,N/A,N/A,N/A,92549,74867,90540,82326,74747,79290,73942,83113,71589
Selenomethionine,N/A,N/A,N/A,N/A,N/A,N/A,N/A,N/A,N/A,N/A,N/A,N/A,N/A,N/A,N/A,N/A,N/A,N/A
Dimethylarginine (A/SDMA),7048297,6797092,6531237,6542291,6540905,6226969,6033237,6042712,5870201,13027177,12544038,12725821,11929969,11560051,11173994,11549121,11276900,10407513
Spermine,N/A,N/A,N/A,N/A,N/A,N/A,N/A,N/A,N/A,N/A,N/A,N/A,N/A,N/A,N/A,N/A,N/A,N/A
3-Indolebutyric Acid,N/A,N/A,N/A,N/A,N/A,N/A,N/A,N/A,N/A,N/A,N/A,N/A,N/A,N/A,N/A,N/A,N/A,N/A
Acetylcarnitine,26774679,28475057,25751533,26102250,26577063,25695234,24896170,22576607,24814969,12602361,12536442,13630904,12118203,12360352,11986225,12721436,13325741,12852158
Tryptophan,9039620,9249751,8718521,8772267,8329132,8325910,8221191,8047438,8471893,13539597,12983110,12878858,12831719,12498292,12040519,11901482,11941643,11475225
L-Kynurenine,118246,120320,111308,121204,114070,113576,96622,112115,107916,196788,227007,228076,212277,206757,203041,176034,193404,168261
Phosphocreatine,N/A,N/A,N/A,N/A,N/A,N/A,N/A,N/A,N/A,N/A,N/A,N/A,N/A,N/A,N/A,N/A,N/A,N/A
N-Ac-Arginine,115578,112300,116763,114336,125955,84157,107627,90524,90954,N/A,N/A,N/A,N/A,N/A,N/A,N/A,N/A,N/A
Carnosine,N/A,N/A,N/A,N/A,N/A,N/A,N/A,N/A,N/A,18453952,18887444,18393499,18137265,17846218,16812630,17627135,17195879,16475110
2-Deoxycytidine,N/A,N/A,N/A,N/A,N/A,N/A,N/A,N/A,N/A,1390222,1364513,1381496,1326019,1283670,1296759,1278776,1282785,1221573
2-Deoxyuridine,N/A,N/A,N/A,N/A,N/A,N/A,N/A,N/A,N/A,N/A,N/A,N/A,N/A,N/A,N/A,N/A,N/A,N/A
Biopterin,N/A,N/A,N/A,N/A,N/A,N/A,N/A,N/A,N/A,N/A,N/A,N/A,N/A,N/A,N/A,N/A,N/A,N/A
Anserine,41689,40183,46741,47191,49993,38980,51801,37959,42758,2239942,2269115,2195231,2166922,2143958,2118120,2128267,2028827,1960603
Cystine,289175,315794,330286,306845,284422,276153,265831,272514,263257,1452304,1446244,1352470,1331467,1264953,1306357,1250655,1252123,1304228
Cytidine,N/A,N/A,N/A,N/A,N/A,N/A,N/A,N/A,N/A,262595,243463,236844,228402,232477,224181,215146,228405,223645
Uridine,671313,676639,672337,679178,651026,646726,634285,610141,625514,N/A,N/A,N/A,N/A,N/A,N/A,N/A,N/A,N/A
isoValerylcarnitine,2654391,2831870,2668305,2728845,2510698,2492985,2551997,2414955,2537712,1973610,1975185,1967381,2016795,1934720,1871257,1723428,1880466,1777996
Neopterin,N/A,N/A,N/A,N/A,N/A,N/A,N/A,N/A,N/A,N/A,N/A,N/A,N/A,N/A,N/A,N/A,N/A,N/A
Glycerophosphocholine,26407638,24390228,25262706,25066888,24158252,22233472,23411225,22036965,22908148,13968634,15540245,15356042,14693722,13586053,14371574,13121127,12881416,13126943
5-Methylcytidine,N/A,N/A,N/A,N/A,N/A,N/A,N/A,N/A,N/A,2541973,2565836,2487257,2628300,2416321,2430112,2297021,2309540,2370240
Phosphotyrosine,N/A,N/A,N/A,N/A,N/A,N/A,N/A,N/A,N/A,N/A,N/A,N/A,N/A,N/A,N/A,N/A,N/A,N/A
Succinylcarnitine,276209,270539,224553,295611,249514,264461,252317,285920,238061,295382,311028,316289,264270,228042,253883,314547,237580,266731
Thiamine,148475,136720,121738,144367,129589,126776,123385,130151,108431,666269,676710,646619,697883,662544,748577,653414,607348,649646
"2,3-Diphosphoglyceric Acid",N/A,N/A,N/A,N/A,N/A,N/A,N/A,N/A,N/A,N/A,N/A,N/A,N/A,N/A,N/A,N/A,N/A,N/A
Deoxyguanosine,N/A,N/A,N/A,N/A,N/A,N/A,N/A,N/A,N/A,N/A,N/A,N/A,N/A,N/A,N/A,N/A,N/A,N/A
Adenosine,N/A,N/A,N/A,N/A,N/A,N/A,N/A,N/A,N/A,162835,161494,170931,157929,148261,150138,156680,142799,142634
Inosine,813252,824436,753003,802294,705530,722652,696944,712462,721177,721777,768840,743702,735943,720895,709015,690796,679790,700019
Glutarylcarnitine,732444,682400,671880,755582,653879,759261,716468,687545,664632,740760,818911,708759,739221,733788,675650,720371,639885,651038
1-Methyladenosine,221483,167408,191199,198111,197045,206727,171807,192354,139960,242051,280174,279113,235094,219178,192441,268636,195868,255058
6-Methyladenosine,N/A,N/A,N/A,N/A,N/A,N/A,N/A,N/A,N/A,N/A,N/A,N/A,N/A,N/A,N/A,N/A,N/A,N/A
Guanosine,23777,21545,20298,13544,15587,19606,12748,21396,24831,41010,33654,51715,37657,44140,31029,28502,37451,28270
Retinal,N/A,N/A,N/A,N/A,N/A,N/A,N/A,N/A,N/A,N/A,N/A,N/A,N/A,N/A,N/A,N/A,N/A,N/A
Retinol,N/A,N/A,N/A,N/A,N/A,N/A,N/A,N/A,N/A,N/A,N/A,N/A,N/A,N/A,N/A,N/A,N/A,N/A
Argininosuccinate,27504,30779,26187,29186,25778,28129,26473,24037,23948,22954,24843,23866,19159,21208,25005,19842,19577,18548
5-Methylthioadenosine,N/A,N/A,N/A,N/A,N/A,N/A,N/A,N/A,N/A,N/A,N/A,N/A,N/A,N/A,N/A,N/A,N/A,N/A
"N2,N2-Dimethylguanosine",162420,166847,156858,160783,145163,153260,148026,140679,147179,518587,493064,488602,472522,446583,441744,441953,441083,436507
UMP,N/A,N/A,N/A,N/A,N/A,N/A,N/A,N/A,N/A,N/A,N/A,N/A,N/A,N/A,N/A,N/A,N/A,N/A
cAMP,N/A,N/A,N/A,N/A,N/A,N/A,N/A,N/A,N/A,N/A,N/A,N/A,N/A,N/A,N/A,N/A,N/A,N/A
GMP,N/A,N/A,N/A,N/A,N/A,N/A,N/A,N/A,N/A,N/A,N/A,N/A,N/A,N/A,N/A,N/A,N/A,N/A
Riboflavin,N/A,N/A,N/A,N/A,N/A,N/A,N/A,N/A,N/A,74656,79299,78509,72052,68640,67542,69486,74059,66268
SAH,35713,40813,34698,40831,26422,26528,35045,35705,26514,20151,19379,16319,14628,19024,15654,18370,19006,19057
Cholecalciferol,55476,56988,51029,53894,50306,48919,51107,49232,45867,N/A,N/A,N/A,N/A,N/A,N/A,N/A,N/A,N/A
Ergocalciferol,N/A,N/A,N/A,N/A,N/A,N/A,N/A,N/A,N/A,N/A,N/A,N/A,N/A,N/A,N/A,N/A,N/A,N/A
S-Adenosylmethionine (SAM),N/A,N/A,N/A,N/A,N/A,N/A,N/A,N/A,N/A,N/A,N/A,N/A,N/A,N/A,N/A,N/A,N/A,N/A
CDP,N/A,N/A,N/A,N/A,N/A,N/A,N/A,N/A,N/A,N/A,N/A,N/A,N/A,N/A,N/A,N/A,N/A,N/A
Thiamine pyrophosphate,N/A,N/A,N/A,N/A,N/A,N/A,N/A,N/A,N/A,N/A,N/A,N/A,N/A,N/A,N/A,N/A,N/A,N/A
Folic Acid,N/A,N/A,N/A,N/A,N/A,N/A,N/A,N/A,N/A,N/A,N/A,N/A,N/A,N/A,N/A,N/A,N/A,N/A
Vitamin K1,N/A,N/A,N/A,N/A,N/A,N/A,N/A,N/A,N/A,N/A,N/A,N/A,N/A,N/A,N/A,N/A,N/A,N/A
Biliverdin,N/A,N/A,N/A,N/A,N/A,N/A,N/A,N/A,N/A,N/A,N/A,N/A,N/A,N/A,N/A,N/A,N/A,N/A
NAD,N/A,N/A,N/A,N/A,N/A,N/A,N/A,N/A,N/A,N/A,N/A,N/A,N/A,N/A,N/A,N/A,N/A,N/A
Methylcobalamin,N/A,N/A,N/A,N/A,N/A,N/A,N/A,N/A,N/A,N/A,N/A,N/A,N/A,N/A,N/A,N/A,N/A,N/A
Cyanocobalamin (Vitamin B12),N/A,N/A,N/A,N/A,N/A,N/A,N/A,N/A,N/A,N/A,N/A,N/A,N/A,N/A,N/A,N/A,N/A,N/A
NADPH,N/A,N/A,N/A,N/A,N/A,N/A,N/A,N/A,N/A,N/A,N/A,N/A,N/A,N/A,N/A,N/A,N/A,N/A
Thyroxine,N/A,N/A,N/A,N/A,N/A,N/A,N/A,N/A,N/A,N/A,N/A,N/A,N/A,N/A,N/A,N/A,N/A,N/A
FAD,25602,36042,33012,32646,21919,41750,29992,32703,26620,127723,119618,111262,125947,134653,132224,133523,114285,110468
Adenosylcobalamin,N/A,N/A,N/A,N/A,N/A,N/A,N/A,N/A,N/A,N/A,N/A,N/A,N/A,N/A,N/A,N/A,N/A,N/A
Ubiquinol,N/A,N/A,N/A,N/A,N/A,N/A,N/A,N/A,N/A,N/A,N/A,N/A,N/A,N/A,N/A,N/A,N/A,N/A
Malondialdehyde,42953,46402,47478,42918,46716,48712,48972,48480,48329,N/A,N/A,N/A,N/A,N/A,N/A,N/A,N/A,N/A
Glycolic acid,9302,11667,9442,12491,10480,11759,11399,10256,12634,9365,9087,10396,8006,8640,10062,7765,8216,7756
Pyruvate,50578,51787,53009,53902,61011,53759,51924,53483,53820,313254,321759,322619,324276,305671,300947,319433,310205,316982
Lactate,124866730,123768507,119829218,116824673,116244257,114561878,114619705,115585227,115847440,38138905,38957498,37260479,36320585,35903238,35607642,34340999,36069553,35826735
Glyceraldehyde,357756,336214,308238,332013,301832,309842,301726,298261,313025,802915,793230,780678,796124,756635,774963,743304,699041,785642
3-Hydroxypropionic Acid,N/A,N/A,N/A,N/A,N/A,N/A,N/A,N/A,N/A,N/A,N/A,N/A,N/A,N/A,N/A,N/A,N/A,N/A
isoValeric Acid /3-Oxobutanoic Acid/4-Oxobutanoic Acid,N/A,N/A,N/A,N/A,N/A,N/A,N/A,N/A,N/A,N/A,N/A,N/A,N/A,N/A,N/A,N/A,N/A,N/A
2-Oxobutyrate,N/A,N/A,N/A,N/A,N/A,N/A,N/A,N/A,N/A,N/A,N/A,N/A,N/A,N/A,N/A,N/A,N/A,N/A
gamma-Aminobutyrate,65336,76286,65976,66321,77159,74941,71396,76874,70811,6360,6491,5332,5480,6860,7181,5690,7108,6614
Malonic Acid,N/A,N/A,N/A,N/A,N/A,N/A,N/A,N/A,N/A,N/A,N/A,N/A,N/A,N/A,N/A,N/A,N/A,N/A
3HBA,8759710,8465301,8348579,8161900,7803077,7951896,7809174,7895530,7992996,2016737,2129731,2020665,2027556,1900305,1906022,1847072,1917953,2067307
2-Hydroxyisobutyrate/2-Hydroxybutyrate,9451677,9590562,9213824,9148724,8890091,8799777,8934487,8685893,8747909,6255140,6306431,6272140,6106548,5929807,5838925,5690259,5898025,5851703
Glycerate,1647300,1615736,1588272,1529362,1479405,1558887,1532263,1444226,1428454,N/A,N/A,N/A,N/A,N/A,N/A,N/A,N/A,N/A
Uracil,117166,108560,103899,117641,114796,115617,110371,105391,110999,87191,88007,82552,96120,89375,89609,91678,86454,83820
Fumaric Acid,N/A,N/A,N/A,N/A,N/A,N/A,N/A,N/A,N/A,N/A,N/A,N/A,N/A,N/A,N/A,N/A,N/A,N/A
Maleic Acid,107344,103136,125950,115152,106986,119551,132076,124719,101615,111950,116068,105228,103136,100787,96608,105219,93231,105733
N-AcetylGlycine,178395,181475,176953,162232,161147,158644,149070,159046,155664,55980,54107,51904,51099,51632,51489,48556,46513,48393
Guanidinoacetate,82335,79096,71869,74120,71227,76372,72384,68492,72566,157621,159678,158167,151899,144369,145678,152203,144159,144967
2-Hydroxyisovaleric Acid,N/A,N/A,N/A,N/A,N/A,N/A,N/A,N/A,N/A,N/A,N/A,N/A,N/A,N/A,N/A,N/A,N/A,N/A
Succinate,2657025,2459312,2576036,2430423,2295133,2129819,2271907,2379807,2324844,708203,741262,672690,643494,618556,580020,582706,678165,601814
Methylmalonate,N/A,N/A,N/A,N/A,N/A,N/A,N/A,N/A,N/A,N/A,N/A,N/A,N/A,N/A,N/A,N/A,N/A,N/A
3-Hydroxyisovaleric Acid,1068549,1123166,1065076,1075720,1047208,1021323,1005603,999837,989395,6347770,6382421,6151170,6162804,5735573,5660321,5789541,5876315,5815540
Erythrose,N/A,N/A,N/A,N/A,N/A,N/A,N/A,N/A,N/A,N/A,N/A,N/A,N/A,N/A,N/A,N/A,N/A,N/A
Threitol,158920,154248,142167,142796,151748,146119,127552,126787,140525,N/A,N/A,N/A,N/A,N/A,N/A,N/A,N/A,N/A
Nicotinic Acid,N/A,N/A,N/A,N/A,N/A,N/A,N/A,N/A,N/A,N/A,N/A,N/A,N/A,N/A,N/A,N/A,N/A,N/A
Picolinic Acid,N/A,N/A,N/A,N/A,N/A,N/A,N/A,N/A,N/A,N/A,N/A,N/A,N/A,N/A,N/A,N/A,N/A,N/A
Thymine,N/A,N/A,N/A,N/A,N/A,N/A,N/A,N/A,N/A,N/A,N/A,N/A,N/A,N/A,N/A,N/A,N/A,N/A
Citraconic Acid,255751,255820,258582,241391,250908,268047,245770,212868,251540,237098,245135,260202,253900,246374,228355,241969,263610,238962
2-oxo-Isocaproic Acid,N/A,N/A,N/A,N/A,N/A,N/A,N/A,N/A,N/A,N/A,N/A,N/A,N/A,N/A,N/A,N/A,N/A,N/A
Itaconic Acid,N/A,N/A,N/A,N/A,N/A,N/A,N/A,N/A,N/A,N/A,N/A,N/A,N/A,N/A,N/A,N/A,N/A,N/A
N-Ac-Alanine,929410,924670,947678,902771,865913,820579,829032,861706,828742,488969,482425,504883,469686,455491,430393,450538,463891,461365
MethylSuccinate,N/A,N/A,N/A,N/A,N/A,N/A,N/A,N/A,N/A,N/A,N/A,N/A,N/A,N/A,N/A,N/A,N/A,N/A
D-Leucic Acid,1066682,1123587,999594,1094499,994928,1013360,935392,967628,988848,823508,847009,867910,775527,741487,824106,759151,802868,731345
Glutaric Acid,51989,53444,53300,57016,48688,52744,48387,50406,51125,80494,74648,72035,72736,73141,72227,73988,73617,74928
Oxalacetate,135857,135264,133486,128102,128038,128412,128919,122071,119063,86548,91019,78098,79804,74241,76609,83266,82917,83612
Ethylmalonic acid,112136,90093,120683,119670,91766,98433,94301,107327,119436,109192,100442,111870,102653,92326,112312,121025,103046,109315
N-Carbamoyl-B-Alanine,N/A,N/A,N/A,N/A,N/A,N/A,N/A,N/A,N/A,35350,36008,35060,33950,34082,31332,33860,30888,34557
Malate,100606,111731,106426,118774,109870,109130,116867,101299,93789,164914,164304,157937,160284,161201,165563,156935,164855,166332
Adenine,110687,101372,105996,98741,110719,100762,91710,93454,94834,55755,47902,44438,46054,57622,44451,53247,49226,51791
Allopurinol,N/A,N/A,N/A,N/A,N/A,N/A,N/A,N/A,N/A,N/A,N/A,N/A,N/A,N/A,N/A,N/A,N/A,N/A
Hypoxanthine,54446690,53679428,53794552,53019290,50993443,50132894,50484666,49289197,49482564,938240,917040,822579,832395,829223,845601,797983,828447,852488
Phenylacetic Acid,N/A,N/A,N/A,N/A,N/A,N/A,N/A,N/A,N/A,N/A,N/A,N/A,N/A,N/A,N/A,N/A,N/A,N/A
Erythronic/Threonic Acid,N/A,N/A,N/A,N/A,N/A,N/A,N/A,N/A,N/A,N/A,N/A,N/A,N/A,N/A,N/A,N/A,N/A,N/A
Anthranilic Acid,N/A,N/A,N/A,N/A,N/A,N/A,N/A,N/A,N/A,19115,21722,20452,17036,15918,17990,20145,23993,25153
4-Hydroxybenzoic Acid,7491908,7564839,7647210,6981499,7044570,6805316,6897188,6829697,6965378,96258,107254,95561,87910,94692,99753,87833,87020,95304
Acetylphosphate,N/A,N/A,N/A,N/A,N/A,N/A,N/A,N/A,N/A,N/A,N/A,N/A,N/A,N/A,N/A,N/A,N/A,N/A
o-Phosphoethanolamine,N/A,N/A,N/A,N/A,N/A,N/A,N/A,N/A,N/A,N/A,N/A,N/A,N/A,N/A,N/A,N/A,N/A,N/A
n-isoButyrylglycine,N/A,N/A,N/A,N/A,N/A,N/A,N/A,N/A,N/A,N/A,N/A,N/A,N/A,N/A,N/A,N/A,N/A,N/A
Adipic Acid / 3-Methylglutaric Acid,N/A,N/A,N/A,N/A,N/A,N/A,N/A,N/A,N/A,N/A,N/A,N/A,N/A,N/A,N/A,N/A,N/A,N/A
Alpha-Ketoglutaric Acid,605478,601234,556170,566977,549575,511627,527281,527338,511860,2140463,2169601,2124011,1997682,1982359,1966318,1888265,1895161,1844887
2-Methylglutaric Acid,N/A,N/A,N/A,N/A,N/A,N/A,N/A,N/A,N/A,N/A,N/A,N/A,N/A,N/A,N/A,N/A,N/A,N/A
Mevalonate,N/A,N/A,N/A,N/A,N/A,N/A,N/A,N/A,N/A,N/A,N/A,N/A,N/A,N/A,N/A,N/A,N/A,N/A
2-Hydroxyglutarate,317994,317208,287335,310862,298077,279123,313416,298866,280064,574399,587381,553923,556376,552552,586459,541551,563651,566215
Citramalic Acid,N/A,N/A,N/A,N/A,N/A,N/A,N/A,N/A,N/A,N/A,N/A,N/A,N/A,N/A,N/A,N/A,N/A,N/A
L-Tartaric Acid,N/A,N/A,N/A,N/A,N/A,N/A,N/A,N/A,N/A,N/A,N/A,N/A,N/A,N/A,N/A,N/A,N/A,N/A
Xylose,50496,54195,53865,54398,57715,53518,53445,58338,50962,N/A,N/A,N/A,N/A,N/A,N/A,N/A,N/A,N/A
alpha-Ketophenylacetic Acid,N/A,N/A,N/A,N/A,N/A,N/A,N/A,N/A,N/A,N/A,N/A,N/A,N/A,N/A,N/A,N/A,N/A,N/A
Hydrocinnamic Acid,N/A,N/A,N/A,N/A,N/A,N/A,N/A,N/A,N/A,N/A,N/A,N/A,N/A,N/A,N/A,N/A,N/A,N/A
Oxypurinol,236870,224400,207807,207811,235335,228030,215224,212024,224397,N/A,N/A,N/A,N/A,N/A,N/A,N/A,N/A,N/A
Xanthine,2768786,2750006,2660305,2691223,2609628,2558889,2578288,2555564,2579054,452172,464890,437943,429889,433702,423156,414405,434313,406059
2-Hydroxyphenylacetate,72186,71584,68712,69628,76153,61265,64251,67039,59160,82138,80533,83466,77191,82547,87269,75746,78637,77778
L-Mandelic Acid,N/A,N/A,N/A,N/A,N/A,N/A,N/A,N/A,N/A,N/A,N/A,N/A,N/A,N/A,N/A,N/A,N/A,N/A
Arabitol/Xylitol,193545,187912,187010,176563,195252,186310,185595,173948,170589,108534,104058,98435,113135,103121,105996,109632,98032,104345
3/4-Hydroxyphenylacetic Acid,N/A,N/A,N/A,N/A,N/A,N/A,N/A,N/A,N/A,N/A,N/A,N/A,N/A,N/A,N/A,N/A,N/A,N/A
3-Hydroxyanthranilic Acid,N/A,N/A,N/A,N/A,N/A,N/A,N/A,N/A,N/A,N/A,N/A,N/A,N/A,N/A,N/A,N/A,N/A,N/A
Dopamine,N/A,N/A,N/A,N/A,N/A,N/A,N/A,N/A,N/A,N/A,N/A,N/A,N/A,N/A,N/A,N/A,N/A,N/A
3-Sulfinoanaline,N/A,N/A,N/A,N/A,N/A,N/A,N/A,N/A,N/A,N/A,N/A,N/A,N/A,N/A,N/A,N/A,N/A,N/A
"2,3-Dihydroxybenzoic Acid",N/A,N/A,N/A,N/A,N/A,N/A,N/A,N/A,N/A,N/A,N/A,N/A,N/A,N/A,N/A,N/A,N/A,N/A
Gentisate,N/A,N/A,N/A,N/A,N/A,N/A,N/A,N/A,N/A,N/A,N/A,N/A,N/A,N/A,N/A,N/A,N/A,N/A
Orotate,64682,60028,67236,55991,58406,53634,65613,63903,67289,65220,68303,63804,76096,66763,85614,75626,86397,69154
Allantoin,632919,612102,600542,585640,592108,568201,584267,582390,554905,6310847,6188836,6098324,5956048,5727189,5765678,5590797,5684617,5790008
n-isoValerylglycine,39266,40952,39195,35545,37906,31417,33422,32197,37738,N/A,N/A,N/A,N/A,N/A,N/A,N/A,N/A,N/A
2-Aminoadipate,76440,76748,74525,77989,74333,71599,70514,63884,65522,41211,48028,47771,44717,42475,41100,46356,38196,42687
Indole-3-Carboxylic Acid,N/A,N/A,N/A,N/A,N/A,N/A,N/A,N/A,N/A,N/A,N/A,N/A,N/A,N/A,N/A,N/A,N/A,N/A
Indole-2-Carboxylic Acid,N/A,N/A,N/A,N/A,N/A,N/A,N/A,N/A,N/A,N/A,N/A,N/A,N/A,N/A,N/A,N/A,N/A,N/A
3-Methyl-3-Hydroxyglutaric Acid,21290,20113,22312,22949,20287,16061,15893,20901,21429,27081,30137,29489,28936,27674,26652,28910,26008,28645
PPA,N/A,N/A,N/A,N/A,N/A,N/A,N/A,N/A,N/A,8945,9769,9141,10322,8269,9220,9858,6096,10017
3-Hydroxycinnaminic Acid,N/A,N/A,N/A,N/A,N/A,N/A,N/A,N/A,N/A,N/A,N/A,N/A,N/A,N/A,N/A,N/A,N/A,N/A
p-Coumaric Acid,N/A,N/A,N/A,N/A,N/A,N/A,N/A,N/A,N/A,N/A,N/A,N/A,N/A,N/A,N/A,N/A,N/A,N/A
Xylonate,N/A,N/A,N/A,N/A,N/A,N/A,N/A,N/A,N/A,N/A,N/A,N/A,N/A,N/A,N/A,N/A,N/A,N/A
Phenyllactic Acid,356688,334839,322373,345073,351865,296648,335869,306059,298645,408700,524733,452810,486713,420361,349106,426103,360375,367545
3-(4-Hydroxyphenyl)Propionate,N/A,N/A,N/A,N/A,N/A,N/A,N/A,N/A,N/A,N/A,N/A,N/A,N/A,N/A,N/A,N/A,N/A,N/A
Quinolinic Acid,N/A,N/A,N/A,N/A,N/A,N/A,N/A,N/A,N/A,N/A,N/A,N/A,N/A,N/A,N/A,N/A,N/A,N/A
PEP,N/A,N/A,N/A,N/A,N/A,N/A,N/A,N/A,N/A,N/A,N/A,N/A,N/A,N/A,N/A,N/A,N/A,N/A
Homogentisate,N/A,N/A,N/A,N/A,N/A,N/A,N/A,N/A,N/A,N/A,N/A,N/A,N/A,N/A,N/A,N/A,N/A,N/A
Urate,28509994,27496372,27706827,27089999,26265423,26466442,25660273,25179468,25231293,2147774,2187625,2077316,2024798,1980853,1988513,1969572,1929112,1851845
DHAP/D-GA3P,N/A,N/A,N/A,N/A,N/A,N/A,N/A,N/A,N/A,N/A,N/A,N/A,N/A,N/A,N/A,N/A,N/A,N/A
Glycerol-3-P,435908,411510,363788,366829,367673,343767,343260,354232,330666,228780,222984,202631,203633,197873,170490,195388,194710,177104
trans-Aconitate,44059,45163,45642,41312,37428,38463,41313,34188,40239,112827,123194,116397,102935,103387,107611,107892,110047,111334
Shikimic Acid,N/A,N/A,N/A,N/A,N/A,N/A,N/A,N/A,N/A,N/A,N/A,N/A,N/A,N/A,N/A,N/A,N/A,N/A
cis-Aconitate,400199,399585,381414,316530,306850,274212,310840,285329,282151,791298,727843,758134,694530,681794,627586,578645,601907,637506
Suberic Acid,152766,143582,156241,164502,123194,151133,111564,120135,130920,147945,155199,148578,148031,155267,131002,118317,123015,159756
Indole-3-Acetic Acid,150555,139945,143685,149675,140191,128132,128409,133380,130066,28991,40922,28756,21556,19287,15522,29995,19233,20845
Citrulline,7234028,7222072,7033533,7020629,6875580,6741681,6645746,6511880,6614714,18377739,18349721,18060602,18015650,17523603,17279207,16885211,16006181,16794504
N-Acetyl-Aspartate (NAA),2315905,2256796,2186131,2088220,1859292,2039461,1974619,1810804,1837643,2050517,1957537,1927088,1824621,1913075,1935060,1851295,1818198,1836462
Ascorbic Acid (Vit. C),N/A,N/A,N/A,N/A,N/A,N/A,N/A,N/A,N/A,N/A,N/A,N/A,N/A,N/A,N/A,N/A,N/A,N/A
2-isoPropylmalic Acid,N/A,N/A,N/A,N/A,N/A,N/A,N/A,N/A,N/A,N/A,N/A,N/A,N/A,N/A,N/A,N/A,N/A,N/A
3-isoPropylmalic Acid,N/A,N/A,N/A,N/A,N/A,N/A,N/A,N/A,N/A,N/A,N/A,N/A,N/A,N/A,N/A,N/A,N/A,N/A
n-Formylmethionine,37352,41184,34797,38202,33343,39403,35309,35588,35018,151144,147095,142019,141303,137334,136778,137189,138564,140570
Hippuric Acid,1992771,1939004,1900910,1906271,1843974,1771495,1772817,1806433,1805406,N/A,N/A,N/A,N/A,N/A,N/A,N/A,N/A,N/A
Inositol,1340198,1326409,1281552,1268578,1209145,1205781,1200782,1194738,1176571,675697,676431,664360,641727,623234,654038,619181,608327,618310
Glucose,8464620,8554145,8802190,8297834,7877311,7910633,7980184,7262205,7615114,22486247,23423271,21256840,21518868,19830014,20245662,19362450,18338385,19684409
Mannose,N/A,N/A,N/A,N/A,N/A,N/A,N/A,N/A,N/A,N/A,N/A,N/A,N/A,N/A,N/A,N/A,N/A,N/A
Fructose,N/A,N/A,N/A,N/A,N/A,N/A,N/A,N/A,N/A,N/A,N/A,N/A,N/A,N/A,N/A,N/A,N/A,N/A
OH-Phenylpyruvate,N/A,N/A,N/A,N/A,N/A,N/A,N/A,N/A,N/A,N/A,N/A,N/A,N/A,N/A,N/A,N/A,N/A,N/A
Theophylline,1133752,1188033,1106355,1112553,1122035,1088638,1001949,1035374,985772,N/A,N/A,N/A,N/A,N/A,N/A,N/A,N/A,N/A
Sorbitol,304543,300109,290739,294130,279718,274276,274929,235381,264298,35136,32525,32629,34676,30338,28700,31088,30345,28841
Homovanilate,N/A,N/A,N/A,N/A,N/A,N/A,N/A,N/A,N/A,N/A,N/A,N/A,N/A,N/A,N/A,N/A,N/A,N/A
Mannitol,N/A,N/A,N/A,N/A,N/A,N/A,N/A,N/A,N/A,N/A,N/A,N/A,N/A,N/A,N/A,N/A,N/A,N/A
4-Pyridoxic Acid,546843,566238,570102,544337,512397,520503,491322,530969,501023,N/A,N/A,N/A,N/A,N/A,N/A,N/A,N/A,N/A
Phosphoserine,N/A,N/A,N/A,N/A,N/A,N/A,N/A,N/A,N/A,N/A,N/A,N/A,N/A,N/A,N/A,N/A,N/A,N/A
2/3-Phosphoglyceric Acid,N/A,N/A,N/A,N/A,N/A,N/A,N/A,N/A,N/A,N/A,N/A,N/A,N/A,N/A,N/A,N/A,N/A,N/A
Azelaic Acid,475293,480049,458992,463060,457582,443938,421917,403689,377213,288027,311306,307803,280941,282096,271636,277184,261368,273920
N-Ac-L-Glutamine,N/A,N/A,N/A,N/A,N/A,N/A,N/A,N/A,N/A,79894,80497,75074,81004,82314,79209,83279,76295,69724
Kynurenic Acid,2542742,2423609,2310202,2254557,2147951,2152244,2167304,2032300,2101515,5103705,5064678,5057217,4822638,4213017,4874923,4662772,4988843,5527588
N-Ac-Glutamate,135965,127450,125952,127948,115550,115871,117405,112597,131022,99746,100815,104125,100155,104000,100776,100405,88689,95420
Indole-3-Propionate,213001,220019,220498,222345,224595,213254,198237,206747,220513,339038,339029,320056,313731,310871,303663,285098,295553,296719
5-Hydroxyl-Indole-3-Acetic Acid,N/A,N/A,N/A,N/A,N/A,N/A,N/A,N/A,N/A,N/A,N/A,N/A,N/A,N/A,N/A,N/A,N/A,N/A
N-Ac-Methionine,N/A,N/A,N/A,N/A,N/A,N/A,N/A,N/A,N/A,N/A,N/A,N/A,N/A,N/A,N/A,N/A,N/A,N/A
Citric Acid,N/A,N/A,N/A,N/A,N/A,N/A,N/A,N/A,N/A,N/A,N/A,N/A,N/A,N/A,N/A,N/A,N/A,N/A
Glucoronate,331141,312535,313125,318632,300663,300258,284009,297025,288629,265739,265145,258309,252316,242987,232315,232019,235443,225224
4-Hydroxy-3-Nitrophenylacetate,N/A,N/A,N/A,N/A,N/A,N/A,N/A,N/A,N/A,N/A,N/A,N/A,N/A,N/A,N/A,N/A,N/A,N/A
Vanilmandelic Acid,N/A,N/A,N/A,N/A,N/A,N/A,N/A,N/A,N/A,N/A,N/A,N/A,N/A,N/A,N/A,N/A,N/A,N/A
Erythrose-4-Phosphate,62084,59608,56617,59524,52094,58557,53279,58531,53815,42727,32461,36985,39697,35117,39451,40942,35170,38190
Cysteine-S-Sulfate,104544,107281,99902,97149,84864,87870,105567,85591,83306,511185,489694,485970,447768,465835,511007,448820,391177,419855
IndolePyruvate,N/A,N/A,N/A,N/A,N/A,N/A,N/A,N/A,N/A,N/A,N/A,N/A,N/A,N/A,N/A,N/A,N/A,N/A
Xanthurenic Acid,N/A,N/A,N/A,N/A,N/A,N/A,N/A,N/A,N/A,N/A,N/A,N/A,N/A,N/A,N/A,N/A,N/A,N/A
Indole-3-Lactate,338769,347590,345542,334383,339051,327726,315189,313222,311741,473062,466815,448284,428789,397719,378336,381497,363244,412975
N-Ac-Phenylalanine,N/A,N/A,N/A,N/A,N/A,N/A,N/A,N/A,N/A,168900,186383,184074,186143,165266,158195,173067,168395,156930
3-Indoxyl Sulfate,4786031,4864416,4670505,4407555,4480718,4406140,4390092,4297507,4243973,11957916,11700564,11582679,11504226,10856774,10593007,10429893,10605508,10968931
Pantothenate,342096,348214,343784,336746,305170,319476,313912,299871,342229,296996,291479,297710,308587,280549,275089,284685,279050,265418
Cystathionine,N/A,N/A,N/A,N/A,N/A,N/A,N/A,N/A,N/A,660519,667944,651367,633211,620402,609695,584198,569425,570327
N-Ac-Tyrosine,N/A,N/A,N/A,N/A,N/A,N/A,N/A,N/A,N/A,65004,61734,64784,63255,55519,59068,58741,62817,59071
Myristic Acid,N/A,N/A,N/A,N/A,N/A,N/A,N/A,N/A,N/A,N/A,N/A,N/A,N/A,N/A,N/A,N/A,N/A,N/A
Ribose-5-P,N/A,N/A,N/A,N/A,N/A,N/A,N/A,N/A,N/A,35971,34584,31431,32699,28773,32414,27983,27736,28238
Ribulose 5-Phosphate,N/A,N/A,N/A,N/A,N/A,N/A,N/A,N/A,N/A,N/A,N/A,N/A,N/A,N/A,N/A,N/A,N/A,N/A
Melatonin,22388,24632,21843,21851,24392,22629,18494,19931,18530,9691,7055,7158,8015,8432,8628,7019,6111,6846
Tetrahydrobiopterin,N/A,N/A,N/A,N/A,N/A,N/A,N/A,N/A,N/A,N/A,N/A,N/A,N/A,N/A,N/A,N/A,N/A,N/A
Thymidine,N/A,N/A,N/A,N/A,N/A,N/A,N/A,N/A,N/A,N/A,N/A,N/A,N/A,N/A,N/A,N/A,N/A,N/A
Pseudouridine,2315540,2131316,2199320,2149008,2219969,1999124,2142114,2203902,2144850,2441228,2590091,2465750,2563202,2592598,2350353,2307848,2637455,2346581
Biotin,N/A,N/A,N/A,N/A,N/A,N/A,N/A,N/A,N/A,N/A,N/A,N/A,N/A,N/A,N/A,N/A,N/A,N/A
N-Ac-Tryptophan,N/A,N/A,N/A,N/A,N/A,N/A,N/A,N/A,N/A,171997,172865,176791,171035,158751,162438,150005,167832,161257
Pyridoxal-5-P,N/A,N/A,N/A,N/A,N/A,N/A,N/A,N/A,N/A,N/A,N/A,N/A,N/A,N/A,N/A,N/A,N/A,N/A
Palmitic Acid,361517,326202,358088,353327,316850,296286,319604,340254,306140,209077,222663,203395,203482,204973,205544,206214,183970,179732
5-Methyluridine,123745,139852,129745,129649,136232,128076,127121,122261,127765,N/A,N/A,N/A,N/A,N/A,N/A,N/A,N/A,N/A
5-Hydroxymethyl-2-Deoxyuridine,N/A,N/A,N/A,N/A,N/A,N/A,N/A,N/A,N/A,N/A,N/A,N/A,N/A,N/A,N/A,N/A,N/A,N/A
Glucosamine-6-Phosphate,N/A,N/A,N/A,N/A,N/A,N/A,N/A,N/A,N/A,N/A,N/A,N/A,N/A,N/A,N/A,N/A,N/A,N/A
G6P,N/A,N/A,N/A,N/A,N/A,N/A,N/A,N/A,N/A,76049,65967,59270,45735,53292,43129,43244,38905,45798
G1P/F1P/F6P,N/A,N/A,N/A,N/A,N/A,N/A,N/A,N/A,N/A,N/A,N/A,N/A,N/A,N/A,N/A,N/A,N/A,N/A
Phenylacetylglutamine,1981874,1910284,1928816,1905545,1815762,1772860,1802182,1746603,1761841,135906,141616,133743,129371,134429,121418,120418,126359,129950
MOPEG Sulfate,N/A,N/A,N/A,N/A,N/A,N/A,N/A,N/A,N/A,N/A,N/A,N/A,N/A,N/A,N/A,N/A,N/A,N/A
Margaric Acid,N/A,N/A,N/A,N/A,N/A,N/A,N/A,N/A,N/A,N/A,N/A,N/A,N/A,N/A,N/A,N/A,N/A,N/A
6-Phosphogluconic Acid,N/A,N/A,N/A,N/A,N/A,N/A,N/A,N/A,N/A,N/A,N/A,N/A,N/A,N/A,N/A,N/A,N/A,N/A
Linolenic Acid,110676,107501,124003,113080,101582,97774,99584,104758,95523,88740,78626,78161,77620,64041,64470,74182,62733,81161
Linoleic Acid,1117336,1079738,1034872,1062702,1001481,986418,1001994,953113,968592,580130,564159,562955,544649,516508,532533,558173,503311,502876
Xanthosine,N/A,N/A,N/A,N/A,N/A,N/A,N/A,N/A,N/A,N/A,N/A,N/A,N/A,N/A,N/A,N/A,N/A,N/A
Sedoheptulose 7-Phosphate,N/A,N/A,N/A,N/A,N/A,N/A,N/A,N/A,N/A,N/A,N/A,N/A,N/A,N/A,N/A,N/A,N/A,N/A
Retinoic Acid,N/A,N/A,N/A,N/A,N/A,N/A,N/A,N/A,N/A,10395,N/A,N/A,N/A,N/A,15822,N/A,N/A,N/A
N-Acetyl-Aspartyl-Glutamate (NAAG),26895,28726,26583,29867,26017,25201,27258,29853,27525,N/A,N/A,N/A,N/A,N/A,N/A,N/A,N/A,N/A
Arachidonate,2533825,2582026,2588110,2683743,2492042,2411463,2319150,2333000,2398461,1470030,1474140,1348423,1384465,1345006,1328847,1309736,1327029,1285121
DCMP,N/A,N/A,N/A,N/A,N/A,N/A,N/A,N/A,N/A,N/A,N/A,N/A,N/A,N/A,N/A,N/A,N/A,N/A
Reduced Glutathione,25167,20938,19263,19452,19314,20947,17497,16845,13390,25471,23046,23838,19770,21065,21260,19691,19411,20307
DUMP,N/A,N/A,N/A,N/A,N/A,N/A,N/A,N/A,N/A,N/A,N/A,N/A,N/A,N/A,N/A,N/A,N/A,N/A
N-Acetylneuraminate,440433,452242,459849,429129,413537,437835,431103,441115,448697,166379,170317,166901,165178,154870,162767,160437,156064,166900
Geranyl Pyrophosphate,N/A,N/A,N/A,N/A,N/A,N/A,N/A,N/A,N/A,N/A,N/A,N/A,N/A,N/A,N/A,N/A,N/A,N/A
DTMP,N/A,N/A,N/A,N/A,N/A,N/A,N/A,N/A,N/A,N/A,N/A,N/A,N/A,N/A,N/A,N/A,N/A,N/A
CMP,38085,35712,37633,38124,36804,33990,36883,34374,36828,37125,38772,37339,37176,37019,35961,36484,35318,37545
F16BP/F26BP/G16BP,N/A,N/A,N/A,N/A,N/A,N/A,N/A,N/A,N/A,N/A,N/A,N/A,N/A,N/A,N/A,N/A,N/A,N/A
Lactose/Trehalose,59968,63125,61370,58283,52916,53039,55181,52767,61980,N/A,N/A,N/A,N/A,N/A,N/A,N/A,N/A,N/A
Sucrose,132098,153739,130263,150094,126071,138559,118814,122379,120339,143102,139057,143303,135797,131697,130356,135079,135343,135262
cGMP,N/A,N/A,N/A,N/A,N/A,N/A,N/A,N/A,N/A,N/A,N/A,N/A,N/A,N/A,N/A,N/A,N/A,N/A
Gibberellin,N/A,N/A,N/A,N/A,N/A,N/A,N/A,N/A,N/A,N/A,N/A,N/A,N/A,N/A,N/A,N/A,N/A,N/A
AMP,N/A,N/A,N/A,N/A,N/A,N/A,N/A,N/A,N/A,N/A,N/A,N/A,N/A,N/A,N/A,N/A,N/A,N/A
IMP,N/A,N/A,N/A,N/A,N/A,N/A,N/A,N/A,N/A,N/A,N/A,N/A,N/A,N/A,N/A,N/A,N/A,N/A
PGE,32482,30495,30601,29750,28905,25287,29606,24148,24107,N/A,N/A,N/A,N/A,N/A,N/A,N/A,N/A,N/A
Cortisol,N/A,N/A,N/A,N/A,N/A,N/A,N/A,N/A,N/A,N/A,N/A,N/A,N/A,N/A,N/A,N/A,N/A,N/A
DCDP,N/A,N/A,N/A,N/A,N/A,N/A,N/A,N/A,N/A,N/A,N/A,N/A,N/A,N/A,N/A,N/A,N/A,N/A
PRPP,N/A,N/A,N/A,N/A,N/A,N/A,N/A,N/A,N/A,N/A,N/A,N/A,N/A,N/A,N/A,N/A,N/A,N/A
Deoxycholic Acid,45261,42519,43107,46680,42947,41782,36640,38488,34297,N/A,N/A,N/A,N/A,N/A,N/A,N/A,N/A,N/A
Chenodeoxycholate,N/A,N/A,N/A,N/A,N/A,N/A,N/A,N/A,N/A,N/A,N/A,N/A,N/A,N/A,N/A,N/A,N/A,N/A
UDP,N/A,N/A,N/A,N/A,N/A,N/A,N/A,N/A,N/A,N/A,N/A,N/A,N/A,N/A,N/A,N/A,N/A,N/A
beta-Muricholic Acid,N/A,N/A,N/A,N/A,N/A,N/A,N/A,N/A,N/A,N/A,N/A,N/A,N/A,N/A,N/A,N/A,N/A,N/A
Cholic Acid,N/A,N/A,N/A,N/A,N/A,N/A,N/A,N/A,N/A,N/A,N/A,N/A,N/A,N/A,N/A,N/A,N/A,N/A
gamma-Tocopherol,N/A,N/A,N/A,N/A,N/A,N/A,N/A,N/A,N/A,N/A,N/A,N/A,N/A,N/A,N/A,N/A,N/A,N/A
ADP,N/A,N/A,N/A,N/A,N/A,N/A,N/A,N/A,N/A,N/A,N/A,N/A,N/A,N/A,N/A,N/A,N/A,N/A
alpha-Tocopherol,N/A,N/A,N/A,N/A,N/A,N/A,N/A,N/A,N/A,32940,32035,28596,27181,28048,26748,25430,25175,27597
GDP,N/A,N/A,N/A,N/A,N/A,N/A,N/A,N/A,N/A,N/A,N/A,N/A,N/A,N/A,N/A,N/A,N/A,N/A
Glycochenodeoxycholate,709318,735612,663055,684286,618504,649569,611564,611419,666459,N/A,N/A,N/A,N/A,N/A,N/A,N/A,N/A,N/A
Adenylosuccinate,390472,357940,363647,365873,337836,329910,329957,352654,319327,110772,105438,108002,110113,97775,83517,95753,85052,103055
Glycocholate,32469,26236,22616,25769,24506,23243,23594,21073,25377,N/A,N/A,N/A,N/A,N/A,N/A,N/A,N/A,N/A
Cholesteryl Sulfate,1650920,1731032,1577259,1526036,1477337,1422646,1509598,1505606,1407100,321575,321285,306836,294236,272588,270819,263403,266872,278619
dCTP,N/A,N/A,N/A,N/A,N/A,N/A,N/A,N/A,N/A,N/A,N/A,N/A,N/A,N/A,N/A,N/A,N/A,N/A
DUTP,N/A,N/A,N/A,N/A,N/A,N/A,N/A,N/A,N/A,N/A,N/A,N/A,N/A,N/A,N/A,N/A,N/A,N/A
TTP,N/A,N/A,N/A,N/A,N/A,N/A,N/A,N/A,N/A,N/A,N/A,N/A,N/A,N/A,N/A,N/A,N/A,N/A
CTP,N/A,N/A,N/A,N/A,N/A,N/A,N/A,N/A,N/A,N/A,N/A,N/A,N/A,N/A,N/A,N/A,N/A,N/A
DATP,N/A,N/A,N/A,N/A,N/A,N/A,N/A,N/A,N/A,N/A,N/A,N/A,N/A,N/A,N/A,N/A,N/A,N/A
ATP,N/A,N/A,N/A,N/A,N/A,N/A,N/A,N/A,N/A,N/A,N/A,N/A,N/A,N/A,N/A,N/A,N/A,N/A
Phosphoadenosine Phosphosulfate,N/A,N/A,N/A,N/A,N/A,N/A,N/A,N/A,N/A,N/A,N/A,N/A,N/A,N/A,N/A,N/A,N/A,N/A
Tauro-alpha/beta-Muricholic Acid,N/A,N/A,N/A,N/A,N/A,N/A,N/A,N/A,N/A,N/A,N/A,N/A,N/A,N/A,N/A,N/A,N/A,N/A
Taurocholate,N/A,N/A,N/A,N/A,N/A,N/A,N/A,N/A,N/A,N/A,N/A,N/A,N/A,N/A,N/A,N/A,N/A,N/A
GTP,N/A,N/A,N/A,N/A,N/A,N/A,N/A,N/A,N/A,N/A,N/A,N/A,N/A,N/A,N/A,N/A,N/A,N/A
UDP-Glucose,N/A,N/A,N/A,N/A,N/A,N/A,N/A,N/A,N/A,N/A,N/A,N/A,N/A,N/A,N/A,N/A,N/A,N/A
UDP-GlcNAc,N/A,N/A,N/A,N/A,N/A,N/A,N/A,N/A,N/A,N/A,N/A,N/A,N/A,N/A,N/A,N/A,N/A,N/A
Oxidized Glutathione,N/A,N/A,N/A,N/A,N/A,N/A,N/A,N/A,N/A,41274,30563,27488,34398,21908,24172,19282,17004,17421
NADH,N/A,N/A,N/A,N/A,N/A,N/A,N/A,N/A,N/A,N/A,N/A,N/A,N/A,N/A,N/A,N/A,N/A,N/A
NADP,N/A,N/A,N/A,N/A,N/A,N/A,N/A,N/A,N/A,N/A,N/A,N/A,N/A,N/A,N/A,N/A,N/A,N/A
3C13-Glycine,287205,280335,280635,268762,254780,277832,263366,260947,260262,287399,283821,269248,270159,253390,270749,252446,247851,244275
4C13-Alanine,2905820,2868563,2799750,2876645,2812396,2598880,2772532,2756611,2723190,3031432,2801642,2920522,2817525,2861088,2645325,2713152,2734050,2722873
2C13-Choline,33912398,34855175,34073508,33068525,32563080,32148688,31607686,31391074,30938103,44597826,45248734,44524174,44324535,42395780,42232184,41304290,41911859,39762162
4C13-Serine,3125499,2991789,3166593,3010566,2631308,2933733,2780658,2909380,2819221,3027052,2938038,3018460,2945146,2717884,2718174,2792657,2830012,2660935
d3-Creatinine,25132206,24638635,24259377,23848758,22873873,22751467,22725051,22256212,22153931,23519686,23820121,23253010,22989565,21985741,21838072,21924435,21617479,21368900
6C13-Proline,7077854,6857277,6564552,6676085,6319108,6187978,6310650,6311126,5924781,6248655,6043262,6122998,5759992,5871996,5787591,5708621,5512805,5745501
6C13-Valine,1646874,1652018,1633190,1463302,1532404,1481776,1480700,1429057,1426394,1419566,1402698,1348801,1310518,1260318,1211777,1231643,1256343,1197833
5C13-Threonine,3179275,3066812,3080879,3070622,3041813,2970280,2989394,2919920,2831890,3062913,3064873,2793781,2911212,2824530,2881448,2665233,2558692,2689883
5C13-Aspartic Acid,4221112,4229064,4151986,3998935,3803035,4002917,3871224,3813486,3734142,4175708,4157725,4001797,3986228,3893750,3918776,3667250,3600815,3657593
6C13-Asparagine,3848576,3961563,3921556,3942449,3671769,3677183,3553303,3542907,3498746,3692169,3612099,3636097,3235098,3372538,3320811,3298809,3324800,3350738
7C13-Leucine,15876727,15911377,14933313,14669998,14313416,14218458,13772974,13951515,14029295,16054855,15211293,15151036,14881545,14237900,13670720,13533355,13998351,13521141
7C13-iso-Leucine,2156376,2147597,1897070,2110195,1883636,1788514,1826529,1861781,1864392,2027837,2180545,1972732,1928667,1856146,1754915,1973342,1874378,1865585
2C13-Glutamic acid,19469829,18966689,18798063,18665976,18226576,17532447,17819704,17887499,17549219,20686200,20700998,20558440,19533613,19170952,18687146,18843729,18524291,18421958
7C13-Glutamine,11536187,11948894,11302009,11404870,11242054,10649564,11095534,10995398,10678464,10992602,11109920,10967532,10677311,10049475,10168521,9740063,9835331,9771916
6C13-Glutamic acid,13583331,12992904,13322974,13282819,12409543,12197495,12382704,12347480,12213845,13778781,14075447,13934654,13500213,13203356,12681776,12648215,12974474,12873847
8C13-Lysine,28156550,26756105,27894178,27145260,26388118,25568594,26162760,26234672,25667936,26341242,27306159,27575992,25589034,25639869,25622754,25701966,25166010,24598708
6C13-Methionine,908365,915348,844672,881268,836276,821105,827957,840313,830439,894742,913361,920314,858464,822645,855306,819546,777529,789342
9C13-Histidine,4583583,4533682,4609395,4390226,4086967,4325895,4239014,4416566,4212740,4302874,4585332,4392969,4416287,4212598,4192124,4015600,4132757,4083666
10C13-Phenylalanine,7407483,7485583,7276395,6953884,6936971,6841148,6717319,6707874,6577352,7462359,7431813,7238620,6975713,6932610,6856858,6435902,6421473,6537596
2C13-Tyrosine,1916119,1860667,1845709,1862160,2041117,1758155,1856596,1911328,1885100,1589057,1565752,1734988,1722559,1736674,1575334,1604848,1727732,1688391
10C13-Arginine,62461549,56760381,60738996,59162317,58065769,55710952,56656971,57624657,57485382,52667949,53067213,52933042,51101288,50530924,49455851,48230202,49691115,48851397
10C13-Tyrosine,309537,326669,296468,324659,332540,329553,327772,334421,322697,310085,282167,267624,295144,286288,289419,296008,318799,311928
13C13-Tryptophan,5772235,5761335,5463233,5426549,5177776,5046760,4966570,5045304,5429698,5625965,5474020,5518160,5311669,5115930,5003839,4987814,4994530,4904307
8C13-Cystine,671017,742096,669782,653459,646307,624912,650807,611112,633100,507542,518036,517343,488152,461894,465758,407131,446129,422325
11C13-Uridine,352225,341751,340373,329382,334461,328513,322311,323509,307884,339386,352996,337959,325178,324256,329422,332537,316120,302487
3C13-Lactate,15783452,15468343,15175746,14802771,14508409,14415340,14445901,14549451,14623751,20758436,20658961,19604280,19288149,19048582,18775043,18340732,19164385,19230132
4C13-3HBA,12939231,12822565,12789601,12806099,12081986,11931514,12145491,11785844,12072599,13101119,12989460,12829043,12825228,12213620,12187777,12147876,12051395,12385667
2N15-Xanthine,1984172,1970561,1936559,1907658,1825621,1833328,1817961,1812315,1857512,1871259,1839339,1812206,1793990,1726449,1683263,1709601,1724790,1733016
2N15-Urate,13506289,13355726,13450657,13005041,12604011,12607487,12147693,11977838,11924522,19128262,19379823,18324636,17537142,17943088,17847809,17414543,17287540,16684830
1C13-Citrulline,3290272,3233822,3118832,3122788,3070809,3015358,2940366,2963408,2875140,3398530,3377262,3315267,3290404,3180437,3170870,3063536,2986109,3118836
6C13-Glucose,2958765,3072792,2993860,2868407,2826210,2767076,2795681,2605274,2654081,2760190,2887901,2661112,2656801,2554052,2600067,2434627,2431875,2583749
4C13-Pentothenate,2834683,2916309,2883145,2927345,2608542,2643816,2693438,2573740,2696090,3246590,3083076,3222749,3279311,2932187,2871637,2946046,2858338,2922986